b4dd9901-ccc1-426a-bbb1-96a9c49b59d7,Timothy,Rice,trice@quatz.org,walexander,ullamcorper
a1b0fdfb-1df4-4680-8dc1-623f5b7d3e28,Raymond,Little,rlittle@skinte.edu,jjohnson,nibh
d315221a-1a5f-43ef-9545-f1caa4d0c93b,Mary,Davis,mdavis@youopia.mil,cmatthews,pede
abdeae28-15e6-491f-bc4a-04edfc8c0ff4,Tina,Lewis,tlewis@zoozzy.edu,wknight,ultrices
bcaddbf4-b8d9-4979-9c65-a930d8103fed,Kenneth,Lynch,klynch@skalith.name,kferguson,sagittis
c14fdb0d-fa51-4b4f-af24-41504c9a7a6f,Ronald,Montgomery,rmontgomery@zoombox.com,lrose,interdum
0c91382f-cef4-49f4-8147-3133faaa80a4,Charles,Garcia,cgarcia@dabfeed.edu,jlawson,leo
f4383606-42d7-4111-81cb-cafe127dbe9a,Stephanie,Rodriguez,srodriguez@oyoba.net,skelley,cras
5e3f8760-1fcd-499a-9698-177ab63a5334,Kevin,Rivera,krivera@realmix.com,shudson,consectetuer
2bf71323-43df-45a0-9c45-c1eb2940beda,Barbara,Olson,bolson@eabox.name,hmorrison,ultrices
7de59a1c-39d5-4ce3-b721-203b2d7aeab8,Matthew,Reynolds,mreynolds@edgeify.edu,lmorgan,platea
8281022b-3874-4ba4-88ca-39715acd15ac,Bobby,Jenkins,bjenkins@blogpad.gov,hfoster,purus
61a2ac83-9256-42d7-bb1e-cf746bd512c6,Joyce,Simpson,jsimpson@skynoodle.mil,dburke,turpis
1ec7edaa-e8c0-465a-8b81-9d6eb3f7660b,Sara,Fuller,sfuller@eazzy.biz,alewis,fusce
491317e8-eaff-4cc1-a48a-847e4aee197b,Norma,Bowman,nbowman@oozz.mil,tkelly,pulvinar
931ef949-9209-4c06-a6b4-5d5c1c865d53,Catherine,Scott,cscott@thoughtbeat.net,jwatkins,orci
13433552-0384-49ab-b96f-f5874f22ea29,Diana,Carter,dcarter@skipfire.biz,pwilliams,amet
0a13ae1c-db9c-4cfb-8924-08b1d95b4219,Beverly,Johnston,bjohnston@oba.com,amoore,porttitor
e4905411-fbaf-4704-9925-3a4f12f30d14,Robert,Campbell,rcampbell@trudeo.org,bperez,morbi
d9c32ae8-efcc-4ac3-b01b-8fcd8ede12c0,Brian,Adams,badams@buzzshare.net,jkelley,vulputate
1cec16a4-9f35-4c06-9a68-c8ef4841b386,Mildred,Ellis,mellis@gabspot.biz,blawrence,iaculis
9dffc408-e8d7-40ee-ab9c-f80de839214a,Edward,Bowman,ebowman@jumpxs.edu,pchavez,vitae
4342bb7b-a5ef-4b0f-a6c4-d3493699365e,Donald,Simpson,dsimpson@browsetype.name,aclark,sapien
34c77119-f2a9-4130-a473-d55b16cc26e6,Bruce,Stephens,bstephens@jabbercube.biz,rarnold,est
b6c9e414-fb62-41a0-9db8-b6e32f52e23a,Michelle,Stevens,mstevens@quinu.biz,cgreen,vel
46b28581-8daf-44ef-bce3-9a49dc2422b9,William,Rodriguez,wrodriguez@photobean.org,lbishop,sit
f69d97e3-1d06-44d1-9a3f-f3b67c286863,Bobby,Watson,bwatson@voonix.info,emorrison,a
6c43a3c1-d632-41e0-8625-d8120f0e73e8,Victor,Olson,volson@eamia.com,clewis,non
a4462578-c13d-47ee-be50-2a2092a80628,Debra,Hanson,dhanson@skivee.info,rray,libero
2f4d63e9-55b5-41ab-bf63-9b0989eb1f50,Thomas,Young,tyoung@mybuzz.biz,pgeorge,vitae
129fc618-b5f0-4dc3-9b9d-bdc4a71e03be,Antonio,Harris,aharris@tambee.edu,jmurphy,justo
ac86d6f6-6d58-48a0-b0c1-04f161a553f1,Theresa,Marshall,tmarshall@livefish.net,taustin,ac
9aab910e-ed56-471a-9996-4026eb36b73e,Rebecca,Larson,rlarson@realbuzz.mil,ehughes,mattis
6a591a39-35c6-49eb-b875-af57750cebdc,Chris,Wood,cwood@skaboo.info,sturner,tristique
fabac7b6-52b4-4b85-bbb8-36081cb3bce8,Jerry,Pierce,jpierce@realpoint.com,tfisher,rutrum
f69f946e-9600-471e-b386-5e6dd31ec4d2,Andrew,Wallace,awallace@rooxo.gov,lgarza,sapien
71790506-838d-45b1-ba79-766844bab19f,Kathleen,Reed,kreed@cogibox.biz,aramos,vestibulum
5adbc0d6-6ee6-419b-96bf-9bd2a5752c66,Cheryl,Lee,clee@mybuzz.org,bwilliamson,non
4c575228-e4b7-478d-bc19-d740b9a9cc9a,Alice,Robertson,arobertson@thoughtbeat.org,carnold,at
24b6ff88-6d44-4c29-8877-6681734301bb,Joseph,Graham,jgraham@tagfeed.com,wgarza,luctus
f3f3e0f0-c9ca-4d64-88af-58ddf0cd0a9e,Eugene,Hansen,ehansen@snaptags.info,ahansen,donec
45f98ce8-b792-4294-b6a3-30888c41ca5e,Steven,Fields,sfields@eire.org,pcox,ultrices
60d97920-0505-429e-9ec1-45ad301601d3,Amy,Boyd,aboyd@lazz.edu,rmoreno,platea
61140f38-5abf-4195-9101-558051a98f8e,Evelyn,Flores,eflores@twitternation.org,gdunn,tincidunt
38a58a96-5c24-460f-8468-c9ef15d6e193,Adam,Kennedy,akennedy@realblab.net,msanchez,venenatis
976f6777-9d7f-498e-b4d2-f8d39d3dc564,Peter,Stanley,pstanley@dabtype.name,jbradley,sollicitudin
9537b1cc-5090-48b2-a56b-e80784690b0a,Christina,Jordan,cjordan@kwideo.edu,cperez,nibh
e14780d6-6bc6-461d-958d-9c79180853d1,Frances,Lewis,flewis@gabvine.info,ffowler,donec
cc3eca10-9aff-4623-90a7-4ca7e8189003,Brandon,Black,bblack@vimbo.edu,nbutler,ante
0344979a-fcdf-470d-a7c2-665b59e7c85e,Scott,Fowler,sfowler@dabfeed.name,crobinson,vitae
c1592b14-be49-43bb-a5ea-cf42b12381d5,Robert,Parker,rparker@zoonoodle.mil,tperry,consequat
779f2a5d-c0fa-412b-bfc3-db04330f1a41,Jonathan,Sullivan,jsullivan@quamba.edu,ahenderson,lectus
65cef77e-d254-4673-8491-7c92908c3a46,Gregory,Bishop,gbishop@katz.gov,hfrazier,eros
711a5824-ff98-45ce-82b2-adaf0230e0ec,Alan,Mason,amason@vidoo.info,ebishop,erat
3925cfce-9b23-4995-82e1-7ce14e712bc2,Shawn,Williamson,swilliamson@jabberstorm.net,wmartin,ipsum
293fb9a1-c18b-45ba-81e8-732f56c9f3f4,Carlos,Freeman,cfreeman@photobug.name,lpayne,interdum
4d2179e9-ca9a-443c-9ad5-14894f2c5bc1,Brandon,Jacobs,bjacobs@buzzshare.mil,jgeorge,vestibulum
fd35dbbc-cbbd-46b4-b2cb-99982573458e,Andrea,Cox,acox@fivechat.info,rwood,vulputate
170760d5-8830-40b7-9dc6-6b508666d9cd,Barbara,Brown,bbrown@mydo.edu,rhughes,posuere
a637053a-8047-4811-af89-422ea781220c,Joseph,Hayes,jhayes@quinu.gov,breynolds,morbi
4a81087a-811b-4989-bce4-63654fa843b2,Deborah,Chavez,dchavez@oyonder.gov,aanderson,pellentesque
e375f774-dc0b-4f43-a9d9-2493843b8d52,Carlos,Hunter,chunter@linktype.com,jgonzalez,nisl
d681650d-c304-44ff-a5f4-538d74615d76,Joshua,Martin,jmartin@oyoyo.biz,cspencer,id
6ccd53d5-49f9-421f-8a51-91669f4bf50e,Willie,Greene,wgreene@teklist.info,tclark,varius
1a18c613-9706-463d-8be8-b8eb796448ea,Kimberly,Mills,kmills@viva.org,rhunt,phasellus
efc910d7-9059-4605-856f-2faba3c9be76,Tina,Stanley,tstanley@rhynoodle.com,psanders,nibh
5230b0c4-8f31-4f8c-9f40-4ccf86b7d298,Thomas,Gilbert,tgilbert@linkbuzz.biz,rjames,gravida
c07a4a1f-31e8-4449-a842-2fc8cbbc7973,Kathy,Simmons,ksimmons@thoughtsphere.org,rgilbert,neque
9a2b2b4d-425a-4b45-a962-5b0d9830437e,Shirley,Myers,smyers@thoughtstorm.edu,jrogers,eros
54c59614-7503-4a1f-8eb1-f7923b6f8960,Benjamin,Morgan,bmorgan@leenti.name,gcole,in
d9d10efe-c030-4b2d-8550-b1a5c3dd55ab,George,Russell,grussell@twitterworks.gov,bcole,iaculis
594a5bc9-24f6-41c4-9901-ceba52a00a85,Samuel,Owens,sowens@omba.biz,alawson,ante
ba253f23-47e2-4637-8348-3ff26fbac978,Anthony,Hunt,ahunt@latz.name,jwest,nec
65624ec3-13ad-4665-a193-3eddaa06518e,Kathy,Willis,kwillis@buzzshare.org,rlynch,in
a449a32a-eb18-4fd3-9569-489a7f2ecbb8,Deborah,Carpenter,dcarpenter@tambee.edu,jmoreno,risus
d449b5d2-2e4a-4840-a211-009f8d24d5cd,Albert,Howard,ahoward@babblestorm.biz,bpowell,ipsum
81eff32d-9ede-462e-904b-2c16814978e7,Roger,Jacobs,rjacobs@photospace.com,vmurphy,nam
4369a24c-6ce5-418d-beb6-24266ec432a8,Mildred,Ortiz,mortiz@browsedrive.gov,mgrant,ipsum
68714db9-75bf-4769-9893-6eee8f533b03,Gregory,Taylor,gtaylor@realfire.info,jweaver,velit
413f46b8-ba5d-42cd-823a-3a69bda4e52e,Gloria,Cruz,gcruz@bluezoom.biz,shunter,tempus
02a6af2c-8a4d-40c2-b15c-5cbf5f0a58c8,Pamela,Young,pyoung@abata.biz,cyoung,eget
4e0e0e09-60ef-4ce1-9c5b-c613a3670200,Matthew,Garcia,mgarcia@flashset.net,phenry,morbi
34f0548a-e1a4-43d1-9fea-ae045073c66f,Matthew,Brooks,mbrooks@jaloo.info,hking,ante
1ac5421b-cb0c-4d4e-9578-bd0b03ee3e18,Samuel,Garcia,sgarcia@agivu.info,khughes,porta
3371881d-421d-4050-a737-7f9b5d53d6c3,Howard,Stewart,hstewart@bubblebox.info,jsanders,mi
95b2c648-c370-46d0-a8d7-1b9c08e03fa5,Jonathan,Kelley,jkelley@voonder.gov,rross,praesent
5f43195f-7b5e-40cd-815c-5ac2a457d302,Joan,George,jgeorge@twinder.edu,pfranklin,vel
a3e2cd7c-5d87-4e00-9d51-c3a19539ef08,Nancy,Hernandez,nhernandez@jabbersphere.com,srogers,lorem
e180d20e-f1f0-49fc-8d15-425493afb085,Katherine,Stanley,kstanley@topiclounge.com,nstephens,platea
1682f0a8-d71b-49ba-afd1-8eba3aff3143,Phillip,Meyer,pmeyer@jabberbean.edu,jevans,ac
0bca5391-8213-445a-b571-f3dd4e0fbbf9,Julie,Knight,jknight@geba.edu,wwallace,diam
c7c55a6b-a881-4c1a-aa61-732dea815c4b,Albert,James,ajames@avamm.name,vadams,tortor
b05a361a-0d64-4ea7-aebb-6979624f966c,Jane,Ellis,jellis@photospace.gov,jjacobs,ante
49fedc33-2bb1-4b66-b04c-9c645403b71a,Joan,Rice,jrice@edgeclub.info,csimpson,vitae
858eebde-64ef-458c-a4a4-258a310e88a8,Ann,Miller,amiller@gevee.net,sfranklin,lacus
41c4562c-643e-4f6f-b921-5a6d785b6ed9,Carolyn,Austin,caustin@kayveo.com,cstephens,proin
30239bd5-132c-4c48-9bdd-f1c90dc3f58a,Carlos,Williamson,cwilliamson@roodel.mil,emurray,nunc
30268097-7c78-40e6-af20-bc6b01b2536f,Christopher,Gardner,cgardner@dynazzy.net,aevans,lectus
cbebfce6-141a-47c6-a6c9-7e9ab844bafd,Irene,Henderson,ihenderson@centizu.gov,howens,a
ea3a4359-4d49-47c5-8544-2825bbb21b48,Nancy,Nichols,nnichols@browsebug.biz,jrogers,vulputate